model,parameter_count,steps,examples_seen,sequence_tokens_seen,answer_tokens_seen,repetition_ratio,estimated_training_flops,seed_count,seeds,validation_loss_mean,validation_loss_std,validation_loss_min,validation_loss_max,greedy_exact_match_mean,greedy_exact_match_std,greedy_exact_match_min,greedy_exact_match_max,final_train_loss_mean,final_train_loss_std,final_train_loss_min,final_train_loss_max,final_answer_token_accuracy_mean,final_answer_token_accuracy_std,final_answer_token_accuracy_min,final_answer_token_accuracy_max,compilation_seconds_mean,compilation_seconds_std,compilation_seconds_min,compilation_seconds_max,steady_state_training_seconds_mean,steady_state_training_seconds_std,steady_state_training_seconds_min,steady_state_training_seconds_max,total_training_seconds_mean,total_training_seconds_std,total_training_seconds_min,total_training_seconds_max
dense_0p16m,162176,50,102400,1536000,409600,0.512,1494614016000,3,"42,123,2026",1.905039119720459,0.013738121601940953,1.889196252822876,1.9136595964431762,0.00065,0.00017320508075688776,0.00045,0.00075,1.8248484929402669,0.011924445742980825,1.8114590644836426,1.8343243598937988,0.3695475260416667,0.008427567935271078,0.3643798828125,0.3792724609375,5.423534634666642,0.1230850455924131,5.31793049099997,5.558712382999829,1.306439553666981,0.09586035366186327,1.2423725370001648,1.4166444790000696,16.991455469000055,0.41251519441345885,16.536315981000143,17.340700274000028
dense_0p16m,162176,75,153600,2304000,614400,0.768,2241921024000,3,"42,123,2026",1.8098227262496949,0.008325714760851715,1.8027226209640503,1.8189860582351685,0.0008833333333333333,0.00046457866215887845,0.0005,0.0014,1.6803487141927083,0.01971202703141676,1.6658676862716675,1.7027974128723145,0.3955891927083333,0.0085539270814944,0.386474609375,0.4034423828125,6.4186338976666475,0.6786893412588173,5.662120523000112,6.974048304000007,1.839783454999785,0.02181618688160883,1.815862437000078,1.8585838969997894,18.3984895553333,0.3967990842988692,17.948305810999955,18.697408662000043
dense_0p16m,162176,100,204800,3072000,819200,1.024,2989228032000,3,"42,123,2026",1.762404767672221,0.007067575082085812,1.7549455881118774,1.7690016031265259,0.0013499999999999999,0.00015000000000000007,0.0012,0.0015,1.6018060843149822,0.016440184640649034,1.590635895729065,1.620684027671814,0.4141845703125,0.005747684261227321,0.40771484375,0.418701171875,6.261607448333355,0.6474299129758139,5.522321138000052,6.727465496999912,2.5304577619991355,0.19984032906405108,2.398787625999603,2.7604067799995846,19.11759700866666,0.40249369980873817,18.66022120799994,19.417746164999926
dense_0p16m,162176,125,256000,3840000,1024000,1.28,3736535040000,3,"42,123,2026",1.7281242211659749,0.014642317975737354,1.7174578666687013,1.7448182582855225,0.0014,0.0002598076211353315,0.00125,0.0017,1.5552068551381428,0.02425401077358951,1.5407530069351196,1.5832080841064453,0.420654296875,0.0030663712614942555,0.4188232421875,0.4241943359375,5.620248943333384,0.46696232322423065,5.3046857340000315,6.156671151999944,3.1794824196651157,0.09083524187121911,3.1188067300001876,3.2839140339965525,19.760548879666658,0.36609314244912367,19.516739012000016,20.181521949999933
dense_0p16m,162176,175,358400,5376000,1433600,1.792,5231149056000,3,"42,123,2026",1.4440988540649415,0.06238893931357422,1.3771292924880982,1.5005768537521362,0.0176,0.005546845950628159,0.01345,0.0239,1.3143177429835002,0.046255653942227984,1.274084210395813,1.3648570775985718,0.5277506510416666,0.03213240615039965,0.49755859375,0.5615234375,5.464739674333335,0.06052016658692825,5.4158465230000274,5.532427265000024,4.35732566633457,0.12215882367811147,4.22206203600058,4.459607026001777,21.445991489333284,0.05559718142790671,21.409183184999847,21.50994680100007
dense_0p16m,162176,250,512000,7680000,2048000,2.56,7473070080000,3,"42,123,2026",1.0920036395390829,0.04887654310364571,1.0416623830795289,1.139270305633545,0.055516666666666666,0.011214313770058932,0.0429,0.06435,1.0140235821406047,0.030525687191891072,0.9802367687225342,1.0396150350570679,0.6690266927083334,0.012552682801595697,0.6607666015625,0.6834716796875,5.546795243000058,0.12348165116054818,5.459750420000091,5.688119072000063,6.108332298333759,0.073097354115607,6.033640901999661,6.179723843001511,24.316330098666715,0.22569874775376475,24.058573410000008,24.478540737000003
dense_0p16m,162176,400,819200,12288000,3276800,4.096,11956912128000,3,"42,123,2026",0.34984858334064484,0.10014093313592341,0.2367335468530655,0.4271894574165344,0.8840666666666667,0.09365918712722915,0.8024,0.9863,0.3118364413579305,0.08525723432781573,0.2161196768283844,0.37963277101516724,0.974609375,0.020421892652088058,0.955810546875,0.996337890625,5.518308686333285,0.15847276946865627,5.398344769999994,5.697957317999908,9.497041321667439,0.09613363298369555,9.402582562001498,9.594766566998715,30.30944683100006,0.2830485038046599,29.984100865999835,30.49911903200018
dense_0p16m,162176,750,1536000,23040000,6144000,7.68,22419210240000,3,"42,123,2026",0.0261903228238225,0.020608513777358735,0.012133126147091389,0.04984742850065231,0.9999666666666668,5.7735026918956215e-05,0.9999,1.0,0.023207571047047775,0.017819355341335608,0.01104377768933773,0.0436616986989975,1.0,0.0,1.0,1.0,6.211366429333263,0.6863094805793504,5.521659423000074,6.894227161999879,17.783950809666294,0.1118838197122025,17.703067412001246,17.911635824002133,43.5261865313333,0.1875762550690341,43.35928400900002,43.729189088999874
dense_0p64m,643840,50,102400,1536000,409600,0.512,5933629440000,3,"42,123,2026",1.7512062708536782,0.00433515793341414,1.7466752767562865,1.7553146362304688,0.0010333333333333334,0.00037859388972001824,0.0006,0.0013,1.611621379852295,0.012441612760656608,1.6033449172973633,1.6259291172027588,0.3958333333333333,0.007228308114584019,0.3875732421875,0.4010009765625,7.134492358333243,0.8510370496272756,6.572503138999764,8.113620298999876,2.452553645667649,0.034826228949944776,2.417592146000061,2.4872430090022135,20.046867392000042,0.9263335457602091,19.23852456900022,21.057693770000014
dense_0p64m,643840,75,153600,2304000,614400,0.768,8900444160000,3,"42,123,2026",1.6457629442214967,0.019498256486447565,1.6283380508422851,1.6668229341506957,0.005383333333333334,0.0029984718330064958,0.003,0.00875,1.480560541152954,0.017708150778480283,1.4673175811767578,1.5006744861602783,0.4596761067708333,0.017240171931457545,0.4481201171875,0.4794921875,7.35492025966668,1.0439432588580084,6.533404736000193,8.529649036000023,3.629865173333542,0.10178398872387173,3.5212961899993616,3.7231312280000566,21.844276716666702,0.9165766938697778,20.880609193000055,22.705084769999985
dense_0p64m,643840,100,204800,3072000,819200,1.024,11867258880000,3,"42,123,2026",1.287993820508321,0.1277077219547913,1.144342851638794,1.388673448562622,0.04173333333333334,0.023713410411270102,0.01525,0.061,1.1788461605707805,0.10321357028949235,1.0683329105377197,1.2727441787719727,0.5658772786458334,0.047232588474796076,0.5133056640625,0.604736328125,7.0126681660001395,0.6645316496183469,6.4199153280001156,7.731046206000201,4.955720480667499,0.13657043930201013,4.86808053300183,5.1130786180006,22.98997344533321,1.0021033192291864,22.257122352999886,24.13190400099984
dense_0p64m,643840,125,256000,3840000,1024000,1.28,14834073600000,3,"42,123,2026",0.6985306143760681,0.04721800890626264,0.6519382357597351,0.7463503241539001,0.41963333333333336,0.030054797176712618,0.39195,0.4516,0.64671790599823,0.04098531666518279,0.6103943586349487,0.6911522150039673,0.8328450520833334,0.017749096198197378,0.81298828125,0.84716796875,7.0384205926666255,1.1159847150850366,6.340958949999731,8.325544895999883,6.099474370332018,0.09945577217612979,5.993072818999281,6.19009817399774,24.49903081566678,1.8556877195676764,22.984104082000158,26.568867855000008
dense_0p64m,643840,175,358400,5376000,1433600,1.792,20767703040000,3,"42,123,2026",0.3118373095989227,0.04454195353025471,0.2610136210918427,0.3440829038619995,0.8112,0.06495473423854493,0.7661,0.88565,0.28385117650032043,0.04403867424244019,0.23487141728401184,0.3201792240142822,0.9560546875,0.015540370634855817,0.947021484375,0.9739990234375,7.003664985999876,0.584592352213504,6.333311843000047,7.407530828999825,8.421075825666852,0.10175464340827375,8.30416850599795,8.489703787001645,27.618560430333293,0.890833230669832,26.599409724999987,28.248894735999784
dense_0p64m,643840,250,512000,7680000,2048000,2.56,29668147200000,3,"42,123,2026",0.10848752260208129,0.029955388626804053,0.07403004616498947,0.1283310353755951,0.9783666666666667,0.0223378788906497,0.95345,0.9966,0.09768901765346527,0.028013254294823077,0.0654909610748291,0.11647249758243561,0.99462890625,0.00630407779964617,0.9874267578125,0.9991455078125,7.254617282666762,0.5688592489393249,6.8125396119999095,7.896401106000212,12.091364232665,0.34560010800198143,11.699395959999038,12.352233571998568,32.18674216166664,0.18194120977868783,31.9898272370001,32.34861088599973
dense_0p64m,643840,400,819200,12288000,3276800,4.096,47469035520000,3,"42,123,2026",0.013542618105808894,0.002814718886116228,0.010505788028240204,0.016063973680138587,0.9997666666666666,0.0003175426480543233,0.9994,0.99995,0.01228805569310983,0.002376223215519989,0.009631059132516384,0.014209608547389507,1.0,0.0,1.0,1.0,6.844590940333394,0.8008028932038366,6.340115086999958,7.767957289000151,19.21392925300309,0.36023868137531606,18.79796379799518,19.423121418009487,41.13041112333334,0.7015758910092823,40.50995312699979,41.8917306190001
dense_0p64m,643840,750,1536000,23040000,6144000,7.68,89004441600000,3,"42,123,2026",0.000759394975223889,7.387894786063628e-05,0.00067850990453735,0.0008233173517510295,1.0,0.0,1.0,1.0,0.0007040281197987497,6.664575649706861e-05,0.0006296618958003819,0.0007583549013361335,1.0,0.0,1.0,1.0,7.2307391146667515,0.8053708226280082,6.318498563000048,7.8433363660001305,35.896648970334205,0.051621164300135185,35.838083753997125,35.935540490004314,62.94746620633335,0.4772552626718226,62.48433990100011,63.43769536899981
dense_2p16m,2164608,50,102400,1536000,409600,0.512,19949027328000,3,"42,123,2026",1.7170466105143227,0.012345631252441602,1.7061444759368896,1.730452060699463,0.0012333333333333335,0.00018929694486000904,0.0011,0.00145,1.553694248199463,0.023877455856429867,1.5395458936691284,1.5812623500823975,0.4154866536458333,0.014210753095904338,0.400634765625,0.428955078125,8.380476827999852,0.8556603164728537,7.400980136999806,8.982449285999792,6.887887188332873,0.17966111999341577,6.7134845479968135,7.072381403000691,29.168169903666694,0.9315448488144578,28.114537745000234,29.882523341999786
dense_2p16m,2164608,75,153600,2304000,614400,0.768,29923540992000,3,"42,123,2026",1.5084104776382448,0.2006079137696255,1.2917552947998048,1.6877235174179077,0.0116,0.010887952057205249,0.00145,0.0231,1.3558241526285808,0.1611870973429005,1.1866388320922852,1.5075995922088623,0.4827067057291667,0.05092634355810498,0.427490234375,0.52783203125,7.898106288666743,0.5847858507037547,7.535881325999981,8.572746174000258,10.696946429330788,0.4457075510955154,10.198639181997805,11.057556934997137,32.67165943533322,0.7130240617162286,31.873681645000033,33.246224231999804
dense_2p16m,2164608,100,204800,3072000,819200,1.024,39898054656000,3,"42,123,2026",0.7212009986241658,0.23962077948443575,0.5497511982917785,0.9949999332427979,0.26456666666666667,0.18133106692823858,0.06255,0.41325,0.6637876629829407,0.24191329772274922,0.5019195079803467,0.9418792128562927,0.7785237630208334,0.0785378356694086,0.6881103515625,0.829833984375,8.320967648999916,0.5146567412226232,7.833010901999842,8.8587065050001,14.055169972000234,0.7137352446058293,13.241292059999978,14.574447957999382,36.79176301166672,0.9526288545690409,35.707444041000144,37.49420665700018
dense_2p16m,2164608,125,256000,3840000,1024000,1.28,49872568320000,3,"42,123,2026",0.47378343542416895,0.28680591469321276,0.2874514698982239,0.8040526270866394,0.52735,0.3766015002625454,0.09335,0.76805,0.44339678684870404,0.2913674604818102,0.2588767409324646,0.7792943716049194,0.8844401041666666,0.10892477924154408,0.7586669921875,0.947998046875,8.076140285666648,0.5552284060121426,7.53334910600006,8.643021719999979,17.642097735000032,1.0154138655451406,16.47355215100015,18.30968458299958,40.81232009099995,1.3771674439312123,39.420080093999786,42.17390309499979
dense_2p16m,2164608,175,358400,5376000,1433600,1.792,69821595648000,3,"42,123,2026",0.0523379348218441,0.02624308055831449,0.03358155712485313,0.08232796490192414,0.9826666666666667,0.02873296596826255,0.9495,1.0,0.04583224033315977,0.02105389772024643,0.03068559244275093,0.06987374275922775,0.9971516927083334,0.004828082762433657,0.9915771484375,1.0,7.739150644000195,0.7141340959261779,7.299108684000203,8.563125109000339,24.78899837666601,1.0410922177357587,23.586881096997786,25.39770817799763,48.274844566999946,1.4065674132707207,46.814931975000036,49.62118005299999
dense_2p16m,2164608,250,512000,7680000,2048000,2.56,99745136640000,3,"42,123,2026",0.007752081938087939,0.0010111657915928172,0.0065929671749472615,0.008453278057277202,0.99985,0.000259807621135303,0.99955,1.0,0.007126116504271825,0.0008761971838726779,0.006119732744991779,0.007719393353909254,1.0,0.0,1.0,1.0,7.8800513793335085,0.908460528939048,7.338386703000197,8.928861909000261,35.437082469000416,0.31936789204821286,35.06939100499994,35.64538409900524,59.6722271723332,1.1069121033384905,58.72443605599983,60.88876894799978
dense_2p16m,2164608,400,819200,12288000,3276800,4.096,159592218624000,3,"42,123,2026",0.0021784609028448663,0.0003304782060073375,0.00198413273319602,0.002560042403638363,1.0,0.0,1.0,1.0,0.0020280694977069893,0.00030884857119069237,0.0018478231504559517,0.0023846901021897793,1.0,0.0,1.0,1.0,8.106957944666798,0.3577819084700556,7.711648843000148,8.408564069000022,55.692057069664315,0.6494841696467402,55.14239183399559,56.408738963999895,81.99417409833359,0.16973607835813545,81.80752867000001,82.13929400699999
dense_2p16m,2164608,750,1536000,23040000,6144000,7.68,299235409920000,3,"42,123,2026",0.00038079516380093995,0.00010366489330821839,0.0002948210632894188,0.0004959123092703521,1.0,0.0,1.0,1.0,0.0003537135198712349,9.472573791725391e-05,0.0002744914381764829,0.000458638125564903,1.0,0.0,1.0,1.0,7.88402487,0.4510799341119473,7.462208886000099,8.359558189000381,100.51598235500342,0.5394998796290754,100.04372883499718,101.10395081201113,131.8551156793334,0.2478075141393779,131.58694464300015,132.07564068800002
dense_5p12m,5123584,50,102400,1536000,409600,0.512,47218950144000,3,"42,123,2026",1.7111850182215373,0.002834867595678041,1.707922673225403,1.7130492210388184,0.0018333333333333333,0.0005965176722724427,0.00115,0.00225,1.542644739151001,0.0033145551302382606,1.5388199090957642,1.544676661491394,0.4189046223958333,0.004528682463638366,0.4149169921875,0.423828125,9.920041910666441,0.7570819048116726,9.0728316299992,10.530326095999953,13.504465094331863,0.12600745506241984,13.385763012996904,13.636687532998621,42.29430926899992,1.8290709095287325,40.866852291000214,44.35610130399982
dense_5p12m,5123584,75,153600,2304000,614400,0.768,70828425216000,3,"42,123,2026",1.1959376017252603,0.3030462906115427,0.891770601272583,1.4978506088256835,0.07476666666666666,0.08061377570448697,0.0106,0.16525,1.0695552428563435,0.25572861657737617,0.8097060918807983,1.3209538459777832,0.5942789713541666,0.10488456663041788,0.5015869140625,0.7081298828125,10.220082373666628,0.1421016370224806,10.110128028999497,10.380536590000702,20.981808567000673,0.25182798428515424,20.795464511003047,21.268304812998394,50.07150227699973,1.1000911655488261,49.12492699199993,51.278409026999725
dense_5p12m,5123584,100,204800,3072000,819200,1.024,94437900288000,3,"42,123,2026",0.450613268216451,0.08404491410808053,0.3915008187294006,0.5468240976333618,0.5566333333333334,0.13743211354459092,0.40505,0.6731,0.4018908143043518,0.0713969814426801,0.35533493757247925,0.48409193754196167,0.8891194661458334,0.03762862346263992,0.847900390625,0.921630859375,10.411067985666705,0.2631742420522593,10.174122292999527,10.694323221000559,27.971814986002148,0.3260559772357671,27.64012892700339,28.29193299399958,58.47351357633337,1.1464608065561404,57.162080256999616,59.28568907299996
dense_5p12m,5123584,125,256000,3840000,1024000,1.28,118047375360000,3,"42,123,2026",0.16983589107791583,0.15491741739615852,0.04307885244488716,0.34252541661262514,0.8374,0.20243589726133063,0.61025,0.99875,0.1494877984126409,0.1322620009340286,0.03933554142713547,0.29617777466773987,0.9624837239583334,0.04712931205320806,0.9095458984375,0.9998779296875,10.979273566666658,0.25591456408309393,10.687956888000372,11.167864512000051,35.34577632099869,0.3803806053323348,34.90867910299494,35.60172708800019,72.88734825166678,10.795589434563581,66.62038397800006,85.35295878099987
dense_5p12m,5123584,175,358400,5376000,1433600,1.792,165266325504000,3,"42,123,2026",0.00894159267966946,0.0029952784139027576,0.006035412568598986,0.012018653377890588,0.9999833333333333,2.8867513459478108e-05,0.99995,1.0,0.008315837010741234,0.002775900117470031,0.005605870857834816,0.01115327887237072,0.9999593098958334,7.047732778193673e-05,0.9998779296875,1.0,9.771139843999967,0.5826910578799736,9.09833446399989,10.112886634999995,48.15103180066611,0.3785711655173601,47.754283039002985,48.50833680299729,77.97776319366676,1.7690991297060343,75.94734938700003,79.1873320300001
dense_5p12m,5123584,250,512000,7680000,2048000,2.56,236094750720000,3,"42,123,2026",0.0032612266950309277,0.0007322779384162411,0.0024197286926209926,0.0037536821328103542,0.9999833333333333,2.8867513459478108e-05,0.99995,1.0,0.0030334477002422013,0.000642541399987244,0.0023009860888123512,0.0035020720679312944,1.0,0.0,1.0,1.0,9.93963989466647,0.4024778859000535,9.511508595000123,10.310281856000074,67.42259483000362,0.4154397198134856,66.96131577799406,67.767279908011,98.42858655166674,1.344301657789622,96.87636923000082,99.21532474099968
dense_5p12m,5123584,400,819200,12288000,3276800,4.096,377751601152000,3,"42,123,2026",0.0011826148023828863,0.00018890540034677554,0.0010556420544162392,0.0013997035566717386,1.0,0.0,1.0,1.0,0.0011018588362882535,0.00018254768433899858,0.000985010527074337,0.0013122155796736479,1.0,0.0,1.0,1.0,10.622639839000234,0.757130515556074,9.764525694999975,11.196530279000399,105.96823472999343,1.3017727685911913,104.74455965899779,107.33609926997815,139.64072549066682,2.4950763774846068,136.8371651940006,141.61734768399947
dense_5p12m,5123584,750,1536000,23040000,6144000,7.68,708284252160000,3,"42,123,2026",0.00029482856722703825,6.357423670101095e-05,0.0002443878707708791,0.0003662385861389339,1.0,0.0,1.0,1.0,0.000272819854823562,5.813549076485866e-05,0.0002284125512233004,0.00033862085547298193,1.0,0.0,1.0,1.0,10.210537572666604,0.5470920291761469,9.586732574000052,10.60881241199968,195.98530805832402,1.5911161653522383,194.20261660299457,197.26156810498287,234.3869110150002,3.1349279880443457,230.89485959400008,236.95874308600014
dense_10m,10000000,50,102400,1536000,409600,0.512,92160000000000,3,"42,123,2026",1.7444793621699015,0.029789257236928372,1.7168767213821412,1.7760562419891357,0.0013166666666666667,0.0004193248541803041,0.00105,0.0018,1.6104531685511272,0.05465419572297453,1.5479741096496582,1.6493970155715942,0.387451171875,0.0135498046875,0.3753662109375,0.402099609375,12.845909623666557,0.5700287900683543,12.200369583999418,13.279996148999999,26.068155096002858,0.74415367866788,25.268124352003724,26.739699110998117,64.54229761400045,0.44080536389199587,64.03471893800088,64.82898504600053
dense_10m,10000000,75,153600,2304000,614400,0.768,138240000000000,3,"42,123,2026",1.6389014323552449,0.040815017765271626,1.6144450187683106,1.6860191583633424,0.0033333333333333335,0.0018536001007049318,0.00125,0.0048,1.4627352952957153,0.03927196845239836,1.4376252889633179,1.5079920291900635,0.4375813802083333,0.024976532571054966,0.4088134765625,0.4537353515625,12.981952169666632,0.7084046302451029,12.431832008000129,13.781286010999793,38.10910533066453,1.2812966418303304,37.307429506992776,39.586840633002794,76.85527456566645,1.4733420553130292,75.27082607400007,78.18404242100041
dense_10m,10000000,100,204800,3072000,819200,1.024,184320000000000,3,"42,123,2026",0.4075227439403534,0.2752880552568596,0.18714621663093567,0.7161024212837219,0.5417333333333333,0.3819608400521359,0.1029,0.7994,0.38573971887429553,0.26845147780105827,0.1806841343641281,0.6895890235900879,0.8901774088541666,0.09522660663685188,0.7802734375,0.9481201171875,12.813716371666183,0.5615054598689412,12.40925880299983,13.454806110999925,51.57776569767187,1.7874218114598495,50.540281458004756,53.64169278100144,90.41157409700038,2.109687212675346,88.78482344300028,92.79531303399926
dense_10m,10000000,125,256000,3840000,1024000,1.28,230400000000000,3,"42,123,2026",0.181215022255977,0.1358572780980257,0.05808212235569954,0.3269593596458435,0.7945833333333333,0.23239067501372196,0.53865,0.9924,0.17719079305728277,0.13733936279792097,0.057776324450969696,0.3272708058357239,0.95068359375,0.05760904028236318,0.8865966796875,0.9981689453125,12.590216437333765,0.5820680287519439,12.207041825000488,13.260015101001045,65.13754947366185,1.8688151197724134,62.99406076398736,66.42507627800205,103.75918158600052,0.7347479615152543,102.9108490890012,104.19352368100044
dense_10m,10000000,175,358400,5376000,1433600,1.792,322560000000000,3,"42,123,2026",0.005670517683029175,0.002583729093632824,0.004132686741650104,0.008653470873832702,0.9999666666666668,5.7735026918956215e-05,0.9999,1.0,0.005316787088910739,0.0023658151709841147,0.003933974541723728,0.0080485250800848,1.0,0.0,1.0,1.0,13.029131355333144,0.7064605851233883,12.309697640000195,13.72186158399927,89.56743487332672,2.693691234656945,87.07780994499444,92.4269603939947,130.008389099666,2.6296608606945027,126.98114543799966,131.72685990399987
dense_10m,10000000,250,512000,7680000,2048000,2.56,460800000000000,3,"42,123,2026",0.0016799513483420016,5.784425547047938e-05,0.0016151698771864175,0.0017264303285628557,1.0,0.0,1.0,1.0,0.0015582472163562973,5.0780331369932475e-05,0.0015000452985987067,0.0015935162082314491,1.0,0.0,1.0,1.0,12.447498382000049,0.6535427870767653,11.99007367500053,13.196008920000168,126.65043899799821,2.09792358563443,124.62213287300983,128.8116596559994,167.15280058533367,1.585982881231021,165.51766217800105,168.68457108499933
dense_10m,10000000,400,819200,12288000,3276800,4.096,737280000000000,3,"42,123,2026",0.0007615233034205934,0.0001154605040867148,0.000638492638245225,0.0008675214368849993,1.0,0.0,1.0,1.0,0.0007139179894390205,0.00010651992064027662,0.0005977613036520779,0.0008070279145613313,1.0,0.0,1.0,1.0,13.039987604666749,0.5330840481693394,12.598566554999707,13.632234393000545,205.20446409299743,2.3744624490982207,203.76338102999762,207.94503820500904,248.84354505466612,2.0062172436372494,247.1530736779996,251.0605086759988
dense_10m,10000000,750,1536000,23040000,6144000,7.68,1382400000000000,3,"42,123,2026",0.00016624649191120016,8.95207345710139e-06,0.000161058476078324,0.00017658343131188303,1.0,0.0,1.0,1.0,0.00015389003480474153,9.269397384093526e-06,0.0001474676828365773,0.00016451651754323393,1.0,0.0,1.0,1.0,12.963953849333242,0.5481951016614651,12.589153204999093,13.593124730999989,378.60435925469363,4.067827397240188,374.0076604650285,381.73936264704025,427.2496948256664,3.7857542818152465,422.8784814519995,429.47143617300026
