run_id,model,parameter_count,seed,steps,examples_seen,sequence_tokens_seen,answer_tokens_seen,repetition_ratio,estimated_training_flops,validation_loss,greedy_exact_match,final_train_loss,final_answer_token_accuracy,compilation_seconds,steady_state_training_seconds,total_training_seconds,backend,jax_version,git_commit
dense_0p16m_s0050_seed42,dense_0p16m,162176,42,50,102400,1536000,409600,0.512,1494614016000,1.9122615098953246,0.00045,1.8343243598937988,0.3643798828125,5.31793049099997,1.2423725370001648,16.536315981000143,gpu,0.7.2,9e43cd768fe63ea9b4e9b518acc44e340ba44123
dense_0p16m_s0050_seed123,dense_0p16m,162176,123,50,102400,1536000,409600,0.512,1494614016000,1.9136595964431762,0.00075,1.8287620544433594,0.364990234375,5.558712382999829,1.260301645000709,17.340700274000028,gpu,0.7.2,9e43cd768fe63ea9b4e9b518acc44e340ba44123
dense_0p16m_s0050_seed2026,dense_0p16m,162176,2026,50,102400,1536000,409600,0.512,1494614016000,1.889196252822876,0.00075,1.8114590644836426,0.3792724609375,5.393961030000128,1.4166444790000696,17.09735015199999,gpu,0.7.2,9e43cd768fe63ea9b4e9b518acc44e340ba44123
dense_0p16m_s0075_seed42,dense_0p16m,162176,42,75,153600,2304000,614400,0.768,2241921024000,1.8189860582351685,0.00075,1.7027974128723145,0.386474609375,6.974048304000007,1.844904030999487,18.5497541929999,gpu,0.7.2,9e43cd768fe63ea9b4e9b518acc44e340ba44123
dense_0p16m_s0075_seed123,dense_0p16m,162176,123,75,153600,2304000,614400,0.768,2241921024000,1.8077594995498658,0.0005,1.672381043434143,0.3968505859375,6.619732865999822,1.8585838969997894,18.697408662000043,gpu,0.7.2,9e43cd768fe63ea9b4e9b518acc44e340ba44123
dense_0p16m_s0075_seed2026,dense_0p16m,162176,2026,75,153600,2304000,614400,0.768,2241921024000,1.8027226209640503,0.0014,1.6658676862716675,0.4034423828125,5.662120523000112,1.815862437000078,17.948305810999955,gpu,0.7.2,9e43cd768fe63ea9b4e9b518acc44e340ba44123
dense_0p16m_s0100_seed42,dense_0p16m,162176,42,100,204800,3072000,819200,1.024,2989228032000,1.7690016031265259,0.00135,1.620684027671814,0.40771484375,5.522321138000052,2.7604067799995846,18.66022120799994,gpu,0.7.2,9e43cd768fe63ea9b4e9b518acc44e340ba44123
dense_0p16m_s0100_seed123,dense_0p16m,162176,123,100,204800,3072000,819200,1.024,2989228032000,1.7632671117782592,0.0012,1.5940983295440674,0.418701171875,6.535035710000102,2.4321788799982187,19.274823653000112,gpu,0.7.2,9e43cd768fe63ea9b4e9b518acc44e340ba44123
dense_0p16m_s0100_seed2026,dense_0p16m,162176,2026,100,204800,3072000,819200,1.024,2989228032000,1.7549455881118774,0.0015,1.590635895729065,0.4161376953125,6.727465496999912,2.398787625999603,19.417746164999926,gpu,0.7.2,9e43cd768fe63ea9b4e9b518acc44e340ba44123
dense_0p16m_s0125_seed42,dense_0p16m,162176,42,125,256000,3840000,1024000,1.28,3736535040000,1.7448182582855225,0.00125,1.5832080841064453,0.4188232421875,5.3046857340000315,3.1188067300001876,19.516739012000016,gpu,0.7.2,9e43cd768fe63ea9b4e9b518acc44e340ba44123
dense_0p16m_s0125_seed123,dense_0p16m,162176,123,125,256000,3840000,1024000,1.28,3736535040000,1.7220965385437013,0.0017,1.5407530069351196,0.4241943359375,5.399389944000177,3.2839140339965525,19.583385677000024,gpu,0.7.2,9e43cd768fe63ea9b4e9b518acc44e340ba44123
dense_0p16m_s0125_seed2026,dense_0p16m,162176,2026,125,256000,3840000,1024000,1.28,3736535040000,1.7174578666687013,0.00125,1.5416594743728638,0.4189453125,6.156671151999944,3.1357264949986074,20.181521949999933,gpu,0.7.2,9e43cd768fe63ea9b4e9b518acc44e340ba44123
dense_0p16m_s0175_seed42,dense_0p16m,162176,42,175,358400,5376000,1433600,1.792,5231149056000,1.5005768537521362,0.01345,1.3648570775985718,0.49755859375,5.532427265000024,4.22206203600058,21.41884448199994,gpu,0.7.2,9e43cd768fe63ea9b4e9b518acc44e340ba44123
dense_0p16m_s0175_seed123,dense_0p16m,162176,123,175,358400,5376000,1433600,1.792,5231149056000,1.3771292924880982,0.0239,1.274084210395813,0.5615234375,5.4158465230000274,4.390307937001353,21.409183184999847,gpu,0.7.2,9e43cd768fe63ea9b4e9b518acc44e340ba44123
dense_0p16m_s0175_seed2026,dense_0p16m,162176,2026,175,358400,5376000,1433600,1.792,5231149056000,1.45459041595459,0.01545,1.3040119409561157,0.524169921875,5.445945234999954,4.459607026001777,21.50994680100007,gpu,0.7.2,9e43cd768fe63ea9b4e9b518acc44e340ba44123
dense_0p16m_s0250_seed42,dense_0p16m,162176,42,250,512000,7680000,2048000,2.56,7473070080000,1.0416623830795289,0.06435,0.9802367687225342,0.6834716796875,5.688119072000063,6.033640901999661,24.058573410000008,gpu,0.7.2,9e43cd768fe63ea9b4e9b518acc44e340ba44123
dense_0p16m_s0250_seed123,dense_0p16m,162176,123,250,512000,7680000,2048000,2.56,7473070080000,1.0950782299041748,0.0593,1.022218942642212,0.6607666015625,5.492516237000018,6.111632150000105,24.411876149000136,gpu,0.7.2,9e43cd768fe63ea9b4e9b518acc44e340ba44123
dense_0p16m_s0250_seed2026,dense_0p16m,162176,2026,250,512000,7680000,2048000,2.56,7473070080000,1.139270305633545,0.0429,1.0396150350570679,0.662841796875,5.459750420000091,6.179723843001511,24.478540737000003,gpu,0.7.2,9e43cd768fe63ea9b4e9b518acc44e340ba44123
dense_0p16m_s0400_seed42,dense_0p16m,162176,42,400,819200,12288000,3276800,4.096,11956912128000,0.2367335468530655,0.9863,0.2161196768283844,0.996337890625,5.398344769999994,9.402582562001498,29.984100865999835,gpu,0.7.2,9e43cd768fe63ea9b4e9b518acc44e340ba44123
dense_0p16m_s0400_seed123,dense_0p16m,162176,123,400,819200,12288000,3276800,4.096,11956912128000,0.3856227457523346,0.8635,0.33975687623023987,0.9716796875,5.458623970999952,9.493774836002103,30.49911903200018,gpu,0.7.2,9e43cd768fe63ea9b4e9b518acc44e340ba44123
dense_0p16m_s0400_seed2026,dense_0p16m,162176,2026,400,819200,12288000,3276800,4.096,11956912128000,0.4271894574165344,0.8024,0.37963277101516724,0.955810546875,5.697957317999908,9.594766566998715,30.445120595000162,gpu,0.7.2,9e43cd768fe63ea9b4e9b518acc44e340ba44123
dense_0p16m_s0750_seed42,dense_0p16m,162176,42,750,1536000,23040000,6144000,7.68,22419210240000,0.016590413823723792,1.0,0.014917236752808094,1.0,6.894227161999879,17.737149192995503,43.729189088999874,gpu,0.7.2,9e43cd768fe63ea9b4e9b518acc44e340ba44123
dense_0p16m_s0750_seed123,dense_0p16m,162176,123,750,1536000,23040000,6144000,7.68,22419210240000,0.012133126147091389,1.0,0.01104377768933773,1.0,6.2182127029998355,17.911635824002133,43.490086496,gpu,0.7.2,9e43cd768fe63ea9b4e9b518acc44e340ba44123
dense_0p16m_s0750_seed2026,dense_0p16m,162176,2026,750,1536000,23040000,6144000,7.68,22419210240000,0.04984742850065231,0.9999,0.0436616986989975,1.0,5.521659423000074,17.703067412001246,43.35928400900002,gpu,0.7.2,9e43cd768fe63ea9b4e9b518acc44e340ba44123
dense_0p64m_s0050_seed42,dense_0p64m,643840,42,50,102400,1536000,409600,0.512,5933629440000,1.7516288995742797,0.0012,1.6055901050567627,0.4010009765625,8.113620298999876,2.452825782000673,21.057693770000014,gpu,0.7.2,9e43cd768fe63ea9b4e9b518acc44e340ba44123
dense_0p64m_s0050_seed123,dense_0p64m,643840,123,50,102400,1536000,409600,0.512,5933629440000,1.7553146362304688,0.0006,1.6259291172027588,0.3875732421875,6.7173536370000875,2.4872430090022135,19.23852456900022,gpu,0.7.2,9e43cd768fe63ea9b4e9b518acc44e340ba44123
dense_0p64m_s0050_seed2026,dense_0p64m,643840,2026,50,102400,1536000,409600,0.512,5933629440000,1.7466752767562865,0.0013,1.6033449172973633,0.39892578125,6.572503138999764,2.417592146000061,19.844383836999896,gpu,0.7.2,9e43cd768fe63ea9b4e9b518acc44e340ba44123
dense_0p64m_s0075_seed42,dense_0p64m,643840,42,75,153600,2304000,614400,0.768,8900444160000,1.6283380508422851,0.003,1.4673175811767578,0.4481201171875,8.529649036000023,3.5212961899993616,22.705084769999985,gpu,0.7.2,9e43cd768fe63ea9b4e9b518acc44e340ba44123
dense_0p64m_s0075_seed123,dense_0p64m,643840,123,75,153600,2304000,614400,0.768,8900444160000,1.6421278476715089,0.00875,1.4736895561218262,0.4794921875,6.533404736000193,3.7231312280000566,20.880609193000055,gpu,0.7.2,9e43cd768fe63ea9b4e9b518acc44e340ba44123
dense_0p64m_s0075_seed2026,dense_0p64m,643840,2026,75,153600,2304000,614400,0.768,8900444160000,1.6668229341506957,0.0044,1.5006744861602783,0.451416015625,7.001707006999823,3.6451681020012074,21.94713618700007,gpu,0.7.2,9e43cd768fe63ea9b4e9b518acc44e340ba44123
dense_0p64m_s0100_seed42,dense_0p64m,643840,42,100,204800,3072000,819200,1.024,11867258880000,1.144342851638794,0.061,1.0683329105377197,0.57958984375,7.731046206000201,4.886002291000068,24.13190400099984,gpu,0.7.2,9e43cd768fe63ea9b4e9b518acc44e340ba44123
dense_0p64m_s0100_seed123,dense_0p64m,643840,123,100,204800,3072000,819200,1.024,11867258880000,1.3309651613235474,0.04895,1.195461392402649,0.604736328125,6.4199153280001156,5.1130786180006,22.257122352999886,gpu,0.7.2,9e43cd768fe63ea9b4e9b518acc44e340ba44123
dense_0p64m_s0100_seed2026,dense_0p64m,643840,2026,100,204800,3072000,819200,1.024,11867258880000,1.388673448562622,0.01525,1.2727441787719727,0.5133056640625,6.887042964000102,4.86808053300183,22.580893981999907,gpu,0.7.2,9e43cd768fe63ea9b4e9b518acc44e340ba44123
dense_0p64m_s0125_seed42,dense_0p64m,643840,42,125,256000,3840000,1024000,1.28,14834073600000,0.6973032832145691,0.41535,0.6386071443557739,0.83837890625,8.325544895999883,6.1152521179990345,26.568867855000008,gpu,0.7.2,9e43cd768fe63ea9b4e9b518acc44e340ba44123
dense_0p64m_s0125_seed123,dense_0p64m,643840,123,125,256000,3840000,1024000,1.28,14834073600000,0.7463503241539001,0.39195,0.6911522150039673,0.81298828125,6.448757932000262,6.19009817399774,23.944120510000175,gpu,0.7.2,9e43cd768fe63ea9b4e9b518acc44e340ba44123
dense_0p64m_s0125_seed2026,dense_0p64m,643840,2026,125,256000,3840000,1024000,1.28,14834073600000,0.6519382357597351,0.4516,0.6103943586349487,0.84716796875,6.340958949999731,5.993072818999281,22.984104082000158,gpu,0.7.2,9e43cd768fe63ea9b4e9b518acc44e340ba44123
dense_0p64m_s0175_seed42,dense_0p64m,643840,42,175,358400,5376000,1433600,1.792,20767703040000,0.330415403842926,0.7661,0.29650288820266724,0.9471435546875,7.407530828999825,8.489703787001645,28.007376830000112,gpu,0.7.2,9e43cd768fe63ea9b4e9b518acc44e340ba44123
dense_0p64m_s0175_seed123,dense_0p64m,643840,123,175,358400,5376000,1433600,1.792,20767703040000,0.3440829038619995,0.78185,0.3201792240142822,0.947021484375,7.270152285999757,8.46935518400096,28.248894735999784,gpu,0.7.2,9e43cd768fe63ea9b4e9b518acc44e340ba44123
dense_0p64m_s0175_seed2026,dense_0p64m,643840,2026,175,358400,5376000,1433600,1.792,20767703040000,0.2610136210918427,0.88565,0.23487141728401184,0.9739990234375,6.333311843000047,8.30416850599795,26.599409724999987,gpu,0.7.2,9e43cd768fe63ea9b4e9b518acc44e340ba44123
dense_0p64m_s0250_seed42,dense_0p64m,643840,42,250,512000,7680000,2048000,2.56,29668147200000,0.12310148626565934,0.98505,0.1111035943031311,0.997314453125,6.8125396119999095,12.352233571998568,32.34861088599973,gpu,0.7.2,9e43cd768fe63ea9b4e9b518acc44e340ba44123
dense_0p64m_s0250_seed123,dense_0p64m,643840,123,250,512000,7680000,2048000,2.56,29668147200000,0.1283310353755951,0.95345,0.11647249758243561,0.9874267578125,7.054911130000164,12.222463165997397,32.2217883620001,gpu,0.7.2,9e43cd768fe63ea9b4e9b518acc44e340ba44123
dense_0p64m_s0250_seed2026,dense_0p64m,643840,2026,250,512000,7680000,2048000,2.56,29668147200000,0.07403004616498947,0.9966,0.0654909610748291,0.9991455078125,7.896401106000212,11.699395959999038,31.9898272370001,gpu,0.7.2,9e43cd768fe63ea9b4e9b518acc44e340ba44123
dense_0p64m_s0400_seed42,dense_0p64m,643840,42,400,819200,12288000,3276800,4.096,47469035520000,0.01405809260904789,0.99995,0.0130234993994236,1.0,6.425700445000075,19.42070254300461,40.98954962400012,gpu,0.7.2,9e43cd768fe63ea9b4e9b518acc44e340ba44123
dense_0p64m_s0400_seed123,dense_0p64m,643840,123,400,819200,12288000,3276800,4.096,47469035520000,0.016063973680138587,0.9994,0.014209608547389507,1.0,7.767957289000151,19.423121418009487,41.8917306190001,gpu,0.7.2,9e43cd768fe63ea9b4e9b518acc44e340ba44123
dense_0p64m_s0400_seed2026,dense_0p64m,643840,2026,400,819200,12288000,3276800,4.096,47469035520000,0.010505788028240204,0.99995,0.009631059132516384,1.0,6.340115086999958,18.79796379799518,40.50995312699979,gpu,0.7.2,9e43cd768fe63ea9b4e9b518acc44e340ba44123
dense_0p64m_s0750_seed42,dense_0p64m,643840,42,750,1536000,23040000,6144000,7.68,89004441600000,0.0007763576693832874,1.0,0.0007240675622597337,1.0,7.530382415000076,35.838083753997125,62.92036334900013,gpu,0.7.2,9e43cd768fe63ea9b4e9b518acc44e340ba44123
dense_0p64m_s0750_seed123,dense_0p64m,643840,123,750,1536000,23040000,6144000,7.68,89004441600000,0.00067850990453735,1.0,0.0006296618958003819,1.0,6.318498563000048,35.935540490004314,62.48433990100011,gpu,0.7.2,9e43cd768fe63ea9b4e9b518acc44e340ba44123
dense_0p64m_s0750_seed2026,dense_0p64m,643840,2026,750,1536000,23040000,6144000,7.68,89004441600000,0.0008233173517510295,1.0,0.0007583549013361335,1.0,7.8433363660001305,35.91632266700117,63.43769536899981,gpu,0.7.2,9e43cd768fe63ea9b4e9b518acc44e340ba44123
dense_2p16m_s0050_seed42,dense_2p16m,2164608,42,50,102400,1536000,409600,0.512,19949027328000,1.7145432949066162,0.00115,1.5395458936691284,0.428955078125,8.982449285999792,6.877795614001116,29.882523341999786,gpu,0.7.2,9e43cd768fe63ea9b4e9b518acc44e340ba44123
dense_2p16m_s0050_seed123,dense_2p16m,2164608,123,50,102400,1536000,409600,0.512,19949027328000,1.7061444759368896,0.00145,1.5402745008468628,0.4168701171875,8.758001060999959,6.7134845479968135,29.507448624000062,gpu,0.7.2,9e43cd768fe63ea9b4e9b518acc44e340ba44123
dense_2p16m_s0050_seed2026,dense_2p16m,2164608,2026,50,102400,1536000,409600,0.512,19949027328000,1.730452060699463,0.0011,1.5812623500823975,0.400634765625,7.400980136999806,7.072381403000691,28.114537745000234,gpu,0.7.2,9e43cd768fe63ea9b4e9b518acc44e340ba44123
dense_2p16m_s0075_seed42,dense_2p16m,2164608,42,75,153600,2304000,614400,0.768,29923540992000,1.5457526206970216,0.01025,1.3732340335845947,0.4927978515625,7.535881325999981,11.057556934997137,33.246224231999804,gpu,0.7.2,9e43cd768fe63ea9b4e9b518acc44e340ba44123
dense_2p16m_s0075_seed123,dense_2p16m,2164608,123,75,153600,2304000,614400,0.768,29923540992000,1.2917552947998048,0.0231,1.1866388320922852,0.52783203125,7.585691365999992,10.198639181997805,31.873681645000033,gpu,0.7.2,9e43cd768fe63ea9b4e9b518acc44e340ba44123
dense_2p16m_s0075_seed2026,dense_2p16m,2164608,2026,75,153600,2304000,614400,0.768,29923540992000,1.6877235174179077,0.00145,1.5075995922088623,0.427490234375,8.572746174000258,10.834643170997424,32.89507242899981,gpu,0.7.2,9e43cd768fe63ea9b4e9b518acc44e340ba44123
dense_2p16m_s0100_seed42,dense_2p16m,2164608,42,100,204800,3072000,819200,1.024,39898054656000,0.5497511982917785,0.41325,0.5019195079803467,0.829833984375,7.833010901999842,14.574447957999382,37.17363833699983,gpu,0.7.2,9e43cd768fe63ea9b4e9b518acc44e340ba44123
dense_2p16m_s0100_seed123,dense_2p16m,2164608,123,100,204800,3072000,819200,1.024,39898054656000,0.6188518643379212,0.3179,0.5475642681121826,0.817626953125,8.271185539999806,13.241292059999978,35.707444041000144,gpu,0.7.2,9e43cd768fe63ea9b4e9b518acc44e340ba44123
dense_2p16m_s0100_seed2026,dense_2p16m,2164608,2026,100,204800,3072000,819200,1.024,39898054656000,0.9949999332427979,0.06255,0.9418792128562927,0.6881103515625,8.8587065050001,14.349769898001341,37.49420665700018,gpu,0.7.2,9e43cd768fe63ea9b4e9b518acc44e340ba44123
dense_2p16m_s0125_seed42,dense_2p16m,2164608,42,125,256000,3840000,1024000,1.28,49872568320000,0.2874514698982239,0.76805,0.2588767409324646,0.947998046875,7.53334910600006,18.143056471000364,40.84297708400027,gpu,0.7.2,9e43cd768fe63ea9b4e9b518acc44e340ba44123
dense_2p16m_s0125_seed123,dense_2p16m,2164608,123,125,256000,3840000,1024000,1.28,49872568320000,0.3298462092876434,0.72065,0.292019248008728,0.9466552734375,8.052050030999908,16.47355215100015,39.420080093999786,gpu,0.7.2,9e43cd768fe63ea9b4e9b518acc44e340ba44123
dense_2p16m_s0125_seed2026,dense_2p16m,2164608,2026,125,256000,3840000,1024000,1.28,49872568320000,0.8040526270866394,0.09335,0.7792943716049194,0.7586669921875,8.643021719999979,18.30968458299958,42.17390309499979,gpu,0.7.2,9e43cd768fe63ea9b4e9b518acc44e340ba44123
dense_2p16m_s0175_seed42,dense_2p16m,2164608,42,175,358400,5376000,1433600,1.792,69821595648000,0.04110428243875504,0.9985,0.03693738579750061,0.9998779296875,8.563125109000339,25.39770817799763,49.62118005299999,gpu,0.7.2,9e43cd768fe63ea9b4e9b518acc44e340ba44123
dense_2p16m_s0175_seed123,dense_2p16m,2164608,123,175,358400,5376000,1433600,1.792,69821595648000,0.08232796490192414,0.9495,0.06987374275922775,0.9915771484375,7.299108684000203,23.586881096997786,46.814931975000036,gpu,0.7.2,9e43cd768fe63ea9b4e9b518acc44e340ba44123
dense_2p16m_s0175_seed2026,dense_2p16m,2164608,2026,175,358400,5376000,1433600,1.792,69821595648000,0.03358155712485313,1.0,0.03068559244275093,1.0,7.355218139000044,25.382405855002617,48.38842167299981,gpu,0.7.2,9e43cd768fe63ea9b4e9b518acc44e340ba44123
dense_2p16m_s0250_seed42,dense_2p16m,2164608,42,250,512000,7680000,2048000,2.56,99745136640000,0.0065929671749472615,1.0,0.006119732744991779,1.0,8.928861909000261,35.59647230299606,60.88876894799978,gpu,0.7.2,9e43cd768fe63ea9b4e9b518acc44e340ba44123
dense_2p16m_s0250_seed123,dense_2p16m,2164608,123,250,512000,7680000,2048000,2.56,99745136640000,0.008453278057277202,0.99955,0.007719393353909254,1.0,7.372905526000068,35.06939100499994,58.72443605599983,gpu,0.7.2,9e43cd768fe63ea9b4e9b518acc44e340ba44123
dense_2p16m_s0250_seed2026,dense_2p16m,2164608,2026,250,512000,7680000,2048000,2.56,99745136640000,0.008210000582039356,1.0,0.007539223413914442,1.0,7.338386703000197,35.64538409900524,59.40347651299999,gpu,0.7.2,9e43cd768fe63ea9b4e9b518acc44e340ba44123
dense_2p16m_s0400_seed42,dense_2p16m,2164608,42,400,819200,12288000,3276800,4.096,159592218624000,0.00198413273319602,1.0,0.0018516952404752374,1.0,8.408564069000022,55.14239183399559,82.13929400699999,gpu,0.7.2,9e43cd768fe63ea9b4e9b518acc44e340ba44123
dense_2p16m_s0400_seed123,dense_2p16m,2164608,123,400,819200,12288000,3276800,4.096,159592218624000,0.002560042403638363,1.0,0.0023846901021897793,1.0,8.200660922000225,55.52504041099746,81.80752867000001,gpu,0.7.2,9e43cd768fe63ea9b4e9b518acc44e340ba44123
dense_2p16m_s0400_seed2026,dense_2p16m,2164608,2026,400,819200,12288000,3276800,4.096,159592218624000,0.0019912075717002154,1.0,0.0018478231504559517,1.0,7.711648843000148,56.408738963999895,82.03569961800076,gpu,0.7.2,9e43cd768fe63ea9b4e9b518acc44e340ba44123
dense_2p16m_s0750_seed42,dense_2p16m,2164608,42,750,1536000,23040000,6144000,7.68,299235409920000,0.0004959123092703521,1.0,0.000458638125564903,1.0,8.359558189000381,100.04372883499718,131.90276170700008,gpu,0.7.2,9e43cd768fe63ea9b4e9b518acc44e340ba44123
dense_2p16m_s0750_seed123,dense_2p16m,2164608,123,750,1536000,23040000,6144000,7.68,299235409920000,0.00035165211884304883,1.0,0.00032801099587231874,1.0,7.462208886000099,100.40026741800193,131.58694464300015,gpu,0.7.2,9e43cd768fe63ea9b4e9b518acc44e340ba44123
dense_2p16m_s0750_seed2026,dense_2p16m,2164608,2026,750,1536000,23040000,6144000,7.68,299235409920000,0.0002948210632894188,1.0,0.0002744914381764829,1.0,7.83030753499952,101.10395081201113,132.07564068800002,gpu,0.7.2,9e43cd768fe63ea9b4e9b518acc44e340ba44123
dense_5p12m_s0050_seed42,dense_5p12m,5123584,42,50,102400,1536000,409600,0.512,47218950144000,1.7130492210388184,0.00115,1.544676661491394,0.4149169921875,10.15696800600017,13.490944737000063,41.659974211999725,gpu,0.7.2,9e43cd768fe63ea9b4e9b518acc44e340ba44123
dense_5p12m_s0050_seed123,dense_5p12m,5123584,123,50,102400,1536000,409600,0.512,47218950144000,1.707922673225403,0.0021,1.5444376468658447,0.41796875,9.0728316299992,13.385763012996904,40.866852291000214,gpu,0.7.2,9e43cd768fe63ea9b4e9b518acc44e340ba44123
dense_5p12m_s0050_seed2026,dense_5p12m,5123584,2026,50,102400,1536000,409600,0.512,47218950144000,1.7125831604003907,0.00225,1.5388199090957642,0.423828125,10.530326095999953,13.636687532998621,44.35610130399982,gpu,0.7.2,9e43cd768fe63ea9b4e9b518acc44e340ba44123
dense_5p12m_s0075_seed42,dense_5p12m,5123584,42,75,153600,2304000,614400,0.768,70828425216000,1.4978506088256835,0.0106,1.3209538459777832,0.5015869140625,10.169582501999685,20.795464511003047,49.12492699199993,gpu,0.7.2,9e43cd768fe63ea9b4e9b518acc44e340ba44123
dense_5p12m_s0075_seed123,dense_5p12m,5123584,123,75,153600,2304000,614400,0.768,70828425216000,1.1981915950775146,0.04845,1.0780057907104492,0.5731201171875,10.110128028999497,20.88165637700058,49.811170811999546,gpu,0.7.2,9e43cd768fe63ea9b4e9b518acc44e340ba44123
dense_5p12m_s0075_seed2026,dense_5p12m,5123584,2026,75,153600,2304000,614400,0.768,70828425216000,0.891770601272583,0.16525,0.8097060918807983,0.7081298828125,10.380536590000702,21.268304812998394,51.278409026999725,gpu,0.7.2,9e43cd768fe63ea9b4e9b518acc44e340ba44123
dense_5p12m_s0100_seed42,dense_5p12m,5123584,42,100,204800,3072000,819200,1.024,94437900288000,0.5468240976333618,0.40505,0.48409193754196167,0.847900390625,10.174122292999527,27.64012892700339,57.162080256999616,gpu,0.7.2,9e43cd768fe63ea9b4e9b518acc44e340ba44123
dense_5p12m_s0100_seed123,dense_5p12m,5123584,123,100,204800,3072000,819200,1.024,94437900288000,0.41351488828659055,0.6731,0.3662455677986145,0.921630859375,10.364758443000028,28.29193299399958,58.97277139900052,gpu,0.7.2,9e43cd768fe63ea9b4e9b518acc44e340ba44123
dense_5p12m_s0100_seed2026,dense_5p12m,5123584,2026,100,204800,3072000,819200,1.024,94437900288000,0.3915008187294006,0.59175,0.35533493757247925,0.8978271484375,10.694323221000559,27.983383037003478,59.28568907299996,gpu,0.7.2,9e43cd768fe63ea9b4e9b518acc44e340ba44123
dense_5p12m_s0125_seed42,dense_5p12m,5123584,42,125,256000,3840000,1024000,1.28,118047375360000,0.04307885244488716,0.99875,0.03933554142713547,0.9998779296875,10.687956888000372,34.90867910299494,85.35295878099987,gpu,0.7.2,9e43cd768fe63ea9b4e9b518acc44e340ba44123
dense_5p12m_s0125_seed123,dense_5p12m,5123584,123,125,256000,3840000,1024000,1.28,118047375360000,0.34252541661262514,0.61025,0.29617777466773987,0.9095458984375,11.167864512000051,35.526922772000944,66.68870199600042,gpu,0.7.2,9e43cd768fe63ea9b4e9b518acc44e340ba44123
dense_5p12m_s0125_seed2026,dense_5p12m,5123584,2026,125,256000,3840000,1024000,1.28,118047375360000,0.1239034041762352,0.9032,0.11295007914304733,0.97802734375,11.081999299999552,35.60172708800019,66.62038397800006,gpu,0.7.2,9e43cd768fe63ea9b4e9b518acc44e340ba44123
dense_5p12m_s0175_seed42,dense_5p12m,5123584,42,175,358400,5376000,1433600,1.792,165266325504000,0.006035412568598986,1.0,0.005605870857834816,1.0,9.09833446399989,47.754283039002985,75.94734938700003,gpu,0.7.2,9e43cd768fe63ea9b4e9b518acc44e340ba44123
dense_5p12m_s0175_seed123,dense_5p12m,5123584,123,175,358400,5376000,1433600,1.792,165266325504000,0.012018653377890588,0.99995,0.01115327887237072,0.9998779296875,10.102198433000012,48.50833680299729,79.1873320300001,gpu,0.7.2,9e43cd768fe63ea9b4e9b518acc44e340ba44123
dense_5p12m_s0175_seed2026,dense_5p12m,5123584,2026,175,358400,5376000,1433600,1.792,165266325504000,0.008770712092518807,1.0,0.008188361302018166,1.0,10.112886634999995,48.19047555999805,78.79860816400014,gpu,0.7.2,9e43cd768fe63ea9b4e9b518acc44e340ba44123
dense_5p12m_s0250_seed42,dense_5p12m,5123584,42,250,512000,7680000,2048000,2.56,236094750720000,0.0024197286926209926,1.0,0.0023009860888123512,1.0,9.511508595000123,66.96131577799406,96.87636923000082,gpu,0.7.2,9e43cd768fe63ea9b4e9b518acc44e340ba44123
dense_5p12m_s0250_seed123,dense_5p12m,5123584,123,250,512000,7680000,2048000,2.56,236094750720000,0.0037536821328103542,0.99995,0.0035020720679312944,1.0,9.997129232999214,67.767279908011,99.19406568399972,gpu,0.7.2,9e43cd768fe63ea9b4e9b518acc44e340ba44123
dense_5p12m_s0250_seed2026,dense_5p12m,5123584,2026,250,512000,7680000,2048000,2.56,236094750720000,0.003610269259661436,1.0,0.003297284943982959,1.0,10.310281856000074,67.53918880400579,99.21532474099968,gpu,0.7.2,9e43cd768fe63ea9b4e9b518acc44e340ba44123
dense_5p12m_s0400_seed42,dense_5p12m,5123584,42,400,819200,12288000,3276800,4.096,377751601152000,0.0010556420544162392,1.0,0.000985010527074337,1.0,9.764525694999975,104.74455965899779,136.8371651940006,gpu,0.7.2,9e43cd768fe63ea9b4e9b518acc44e340ba44123
dense_5p12m_s0400_seed123,dense_5p12m,5123584,123,400,819200,12288000,3276800,4.096,377751601152000,0.0013997035566717386,1.0,0.0013122155796736479,1.0,11.196530279000399,107.33609926997815,141.61734768399947,gpu,0.7.2,9e43cd768fe63ea9b4e9b518acc44e340ba44123
dense_5p12m_s0400_seed2026,dense_5p12m,5123584,2026,400,819200,12288000,3276800,4.096,377751601152000,0.0010924987960606813,1.0,0.0010083504021167755,1.0,10.906863543000327,105.82404526100436,140.46766359400044,gpu,0.7.2,9e43cd768fe63ea9b4e9b518acc44e340ba44123
dense_5p12m_s0750_seed42,dense_5p12m,5123584,42,750,1536000,23040000,6144000,7.68,708284252160000,0.00027385924477130175,1.0,0.0002514261577744037,1.0,9.586732574000052,194.20261660299457,230.89485959400008,gpu,0.7.2,9e43cd768fe63ea9b4e9b518acc44e340ba44123
dense_5p12m_s0750_seed123,dense_5p12m,5123584,123,750,1536000,23040000,6144000,7.68,708284252160000,0.0003662385861389339,1.0,0.00033862085547298193,1.0,10.436067732000083,196.49173946699466,235.30713036500038,gpu,0.7.2,9e43cd768fe63ea9b4e9b518acc44e340ba44123
dense_5p12m_s0750_seed2026,dense_5p12m,5123584,2026,750,1536000,23040000,6144000,7.68,708284252160000,0.0002443878707708791,1.0,0.0002284125512233004,1.0,10.60881241199968,197.26156810498287,236.95874308600014,gpu,0.7.2,9e43cd768fe63ea9b4e9b518acc44e340ba44123
dense_10m_s0050_seed42,dense_10m,10000000,42,50,102400,1536000,409600,0.512,92160000000000,1.7168767213821412,0.0011,1.5479741096496582,0.402099609375,13.057363138000255,26.739699110998117,64.82898504600053,gpu,0.7.2,9e43cd768fe63ea9b4e9b518acc44e340ba44123
dense_10m_s0050_seed123,dense_10m,10000000,123,50,102400,1536000,409600,0.512,92160000000000,1.7405051231384276,0.00105,1.633988380432129,0.3753662109375,13.279996148999999,25.268124352003724,64.03471893800088,gpu,0.7.2,9e43cd768fe63ea9b4e9b518acc44e340ba44123
dense_10m_s0050_seed2026,dense_10m,10000000,2026,50,102400,1536000,409600,0.512,92160000000000,1.7760562419891357,0.0018,1.6493970155715942,0.3848876953125,12.200369583999418,26.196641825006736,64.76318885799992,gpu,0.7.2,9e43cd768fe63ea9b4e9b518acc44e340ba44123
dense_10m_s0075_seed42,dense_10m,10000000,42,75,153600,2304000,614400,0.768,138240000000000,1.6162401199340821,0.0048,1.4425885677337646,0.4501953125,13.781286010999793,39.586840633002794,78.18404242100041,gpu,0.7.2,9e43cd768fe63ea9b4e9b518acc44e340ba44123
dense_10m_s0075_seed123,dense_10m,10000000,123,75,153600,2304000,614400,0.768,138240000000000,1.6860191583633424,0.00125,1.5079920291900635,0.4088134765625,12.431832008000129,37.307429506992776,75.27082607400007,gpu,0.7.2,9e43cd768fe63ea9b4e9b518acc44e340ba44123
dense_10m_s0075_seed2026,dense_10m,10000000,2026,75,153600,2304000,614400,0.768,138240000000000,1.6144450187683106,0.00395,1.4376252889633179,0.4537353515625,12.732738489999974,37.43304585199803,77.11095520199888,gpu,0.7.2,9e43cd768fe63ea9b4e9b518acc44e340ba44123
dense_10m_s0100_seed42,dense_10m,10000000,42,100,204800,3072000,819200,1.024,184320000000000,0.18714621663093567,0.7994,0.1806841343641281,0.9481201171875,13.454806110999925,53.64169278100144,92.79531303399926,gpu,0.7.2,9e43cd768fe63ea9b4e9b518acc44e340ba44123
dense_10m_s0100_seed123,dense_10m,10000000,123,100,204800,3072000,819200,1.024,184320000000000,0.7161024212837219,0.1029,0.6895890235900879,0.7802734375,12.40925880299983,50.540281458004756,88.78482344300028,gpu,0.7.2,9e43cd768fe63ea9b4e9b518acc44e340ba44123
dense_10m_s0100_seed2026,dense_10m,10000000,2026,100,204800,3072000,819200,1.024,184320000000000,0.3193195939064026,0.7229,0.28694599866867065,0.942138671875,12.577084200998797,50.55132285400941,89.65458581400162,gpu,0.7.2,9e43cd768fe63ea9b4e9b518acc44e340ba44123
dense_10m_s0125_seed42,dense_10m,10000000,42,125,256000,3840000,1024000,1.28,230400000000000,0.15860358476638795,0.8527,0.14652524888515472,0.96728515625,12.303592385999764,66.42507627800205,104.17317198799992,gpu,0.7.2,9e43cd768fe63ea9b4e9b518acc44e340ba44123
dense_10m_s0125_seed123,dense_10m,10000000,123,125,256000,3840000,1024000,1.28,230400000000000,0.3269593596458435,0.53865,0.3272708058357239,0.8865966796875,12.207041825000488,65.99351137899612,104.19352368100044,gpu,0.7.2,9e43cd768fe63ea9b4e9b518acc44e340ba44123
dense_10m_s0125_seed2026,dense_10m,10000000,2026,125,256000,3840000,1024000,1.28,230400000000000,0.05808212235569954,0.9924,0.057776324450969696,0.9981689453125,13.260015101001045,62.99406076398736,102.9108490890012,gpu,0.7.2,9e43cd768fe63ea9b4e9b518acc44e340ba44123
dense_10m_s0175_seed42,dense_10m,10000000,42,175,358400,5376000,1433600,1.792,322560000000000,0.004225395433604717,1.0,0.003967861644923687,1.0,12.309697640000195,92.4269603939947,131.72685990399987,gpu,0.7.2,9e43cd768fe63ea9b4e9b518acc44e340ba44123
dense_10m_s0175_seed123,dense_10m,10000000,123,175,358400,5376000,1433600,1.792,322560000000000,0.008653470873832702,0.9999,0.0080485250800848,1.0,13.72186158399927,89.19753428099102,131.31716195699846,gpu,0.7.2,9e43cd768fe63ea9b4e9b518acc44e340ba44123
dense_10m_s0175_seed2026,dense_10m,10000000,2026,175,358400,5376000,1433600,1.792,322560000000000,0.004132686741650104,1.0,0.003933974541723728,1.0,13.055834841999967,87.07780994499444,126.98114543799966,gpu,0.7.2,9e43cd768fe63ea9b4e9b518acc44e340ba44123
dense_10m_s0250_seed42,dense_10m,10000000,42,250,512000,7680000,2048000,2.56,460800000000000,0.0016151698771864175,1.0,0.0015000452985987067,1.0,12.156412550999448,128.8116596559994,168.68457108499933,gpu,0.7.2,9e43cd768fe63ea9b4e9b518acc44e340ba44123
dense_10m_s0250_seed123,dense_10m,10000000,123,250,512000,7680000,2048000,2.56,460800000000000,0.0017264303285628557,1.0,0.0015935162082314491,1.0,13.196008920000168,126.5175244649854,167.2561684930006,gpu,0.7.2,9e43cd768fe63ea9b4e9b518acc44e340ba44123
dense_10m_s0250_seed2026,dense_10m,10000000,2026,250,512000,7680000,2048000,2.56,460800000000000,0.001698253839276731,1.0,0.0015811801422387362,1.0,11.99007367500053,124.62213287300983,165.51766217800105,gpu,0.7.2,9e43cd768fe63ea9b4e9b518acc44e340ba44123
dense_10m_s0400_seed42,dense_10m,10000000,42,400,819200,12288000,3276800,4.096,737280000000000,0.000638492638245225,1.0,0.0005977613036520779,1.0,13.632234393000545,203.76338102999762,247.1530736779996,gpu,0.7.2,9e43cd768fe63ea9b4e9b518acc44e340ba44123
dense_10m_s0400_seed123,dense_10m,10000000,123,400,819200,12288000,3276800,4.096,737280000000000,0.0007785558351315558,1.0,0.0007369647501036525,1.0,12.889161865999995,207.94503820500904,251.0605086759988,gpu,0.7.2,9e43cd768fe63ea9b4e9b518acc44e340ba44123
dense_10m_s0400_seed2026,dense_10m,10000000,2026,400,819200,12288000,3276800,4.096,737280000000000,0.0008675214368849993,1.0,0.0008070279145613313,1.0,12.598566554999707,203.9049730439856,248.31705280999995,gpu,0.7.2,9e43cd768fe63ea9b4e9b518acc44e340ba44123
dense_10m_s0750_seed42,dense_10m,10000000,42,750,1536000,23040000,6144000,7.68,1382400000000000,0.000161058476078324,1.0,0.0001496859040344134,1.0,13.593124730999989,374.0076604650285,422.8784814519995,gpu,0.7.2,9e43cd768fe63ea9b4e9b518acc44e340ba44123
dense_10m_s0750_seed123,dense_10m,10000000,123,750,1536000,23040000,6144000,7.68,1382400000000000,0.0001610975683433935,1.0,0.0001474676828365773,1.0,12.589153204999093,381.73936264704025,429.47143617300026,gpu,0.7.2,9e43cd768fe63ea9b4e9b518acc44e340ba44123
dense_10m_s0750_seed2026,dense_10m,10000000,2026,750,1536000,23040000,6144000,7.68,1382400000000000,0.00017658343131188303,1.0,0.00016451651754323393,1.0,12.709583612000642,380.0660546520121,429.3991668519993,gpu,0.7.2,9e43cd768fe63ea9b4e9b518acc44e340ba44123
